Pipeline Time Created,Pipeline ID,Pipeline URL,rapidfort-scan Status,Project Name
"July 15, 2024, 02:41:45 AM UTC",3472633,https://repo1.dso.mil/dsop/opensource/ansible/ansible-lint/-/pipelines/3472633,success,opensource/ansible/ansible-lint
"July 15, 2024, 12:08:09 AM UTC",3470828,https://repo1.dso.mil/dsop/opensource/apache/apache2/-/pipelines/3470828,success,opensource/apache/apache2
"July 15, 2024, 01:25:40 AM UTC",3471815,https://repo1.dso.mil/dsop/opensource/bats/bats/-/pipelines/3471815,success,opensource/bats/bats
"July 14, 2024, 11:26:13 PM UTC",3470459,https://repo1.dso.mil/dsop/hashicorp/consul/1.17/-/pipelines/3470459,success,hashicorp/consul/1.17
"July 14, 2024, 11:48:09 PM UTC",3470645,https://repo1.dso.mil/dsop/elastic/elasticsearch/elasticsearch/-/pipelines/3470645,success,elastic/elasticsearch/elasticsearch
"July 15, 2024, 01:29:16 AM UTC",3471853,https://repo1.dso.mil/dsop/opensource/etcd/etcd/-/pipelines/3471853,success,opensource/etcd/etcd
"July 15, 2024, 01:29:21 AM UTC",3471858,https://repo1.dso.mil/dsop/opensource/fluent/fluent-bit/-/pipelines/3471858,success,opensource/fluent/fluent-bit
"July 15, 2024, 02:30:51 AM UTC",3472513,https://repo1.dso.mil/dsop/opensource/fluentd/fluentd/-/pipelines/3472513,success,opensource/fluentd/fluentd
"July 15, 2024, 02:46:41 AM UTC",3472669,https://repo1.dso.mil/dsop/opensource/fluentd/fluentd-elasticsearch/-/pipelines/3472669,success,opensource/fluentd/fluentd-elasticsearch
"July 15, 2024, 12:04:19 AM UTC",3470791,https://repo1.dso.mil/dsop/opensource/git-lfs/git-lfs/-/pipelines/3470791,success,opensource/git-lfs/git-lfs
"July 15, 2024, 12:45:46 AM UTC",3471386,https://repo1.dso.mil/dsop/opensource/hadolint/hadolint/-/pipelines/3471386,success,opensource/hadolint/hadolint
"July 15, 2024, 01:31:08 AM UTC",3471879,https://repo1.dso.mil/dsop/opensource/haproxy/haproxy20/-/pipelines/3471879,success,opensource/haproxy/haproxy20
"July 15, 2024, 01:31:09 AM UTC",3471880,https://repo1.dso.mil/dsop/opensource/haproxy/haproxy22/-/pipelines/3471880,success,opensource/haproxy/haproxy22
"July 15, 2024, 01:01:50 AM UTC",3471548,https://repo1.dso.mil/dsop/opensource/haproxy/haproxy24/-/pipelines/3471548,success,opensource/haproxy/haproxy24
"July 15, 2024, 01:03:32 AM UTC",3471564,https://repo1.dso.mil/dsop/opensource/mariadb/mariadb105/-/pipelines/3471564,success,opensource/mariadb/mariadb105
"July 15, 2024, 01:03:34 AM UTC",3471565,https://repo1.dso.mil/dsop/opensource/mariadb/mariadb106/-/pipelines/3471565,success,opensource/mariadb/mariadb106
"July 15, 2024, 12:43:54 PM UTC",3472856,https://repo1.dso.mil/dsop/opensource/minio/mc/-/pipelines/3472856,success,opensource/minio/mc
"July 15, 2024, 01:34:55 AM UTC",3471934,https://repo1.dso.mil/dsop/opensource/memcached/memcached/-/pipelines/3471934,success,opensource/memcached/memcached
"July 15, 2024, 01:05:16 AM UTC",3471577,https://repo1.dso.mil/dsop/opensource/mongodb/mongodb/-/pipelines/3471577,success,opensource/mongodb/mongodb
"July 15, 2024, 01:05:19 AM UTC",3471581,https://repo1.dso.mil/dsop/opensource/mysql/mysql8/-/pipelines/3471581,success,opensource/mysql/mysql8
"July 15, 2024, 01:05:20 AM UTC",3471582,https://repo1.dso.mil/dsop/opensource/nginx/nginx/-/pipelines/3471582,success,opensource/nginx/nginx
"July 14, 2024, 11:08:35 PM UTC",3470295,https://repo1.dso.mil/dsop/opensource/nginx/nginx-alpine/-/pipelines/3470295,success,opensource/nginx/nginx-alpine
"July 15, 2024, 12:15:47 AM UTC",3470929,https://repo1.dso.mil/dsop/opensource/pause/pause/-/pipelines/3470929,success,opensource/pause/pause
"July 15, 2024, 12:36:27 AM UTC",3471255,https://repo1.dso.mil/dsop/opensource/redis/redis6-alpine/-/pipelines/3471255,success,opensource/redis/redis6-alpine
"July 15, 2024, 12:08:12 AM UTC",3470832,https://repo1.dso.mil/dsop/opensource/shellcheck/shellcheck/-/pipelines/3470832,success,opensource/shellcheck/shellcheck
"July 15, 2024, 01:09:11 AM UTC",3471617,https://repo1.dso.mil/dsop/opensource/sqlite/sqlite/-/pipelines/3471617,success,opensource/sqlite/sqlite
"July 14, 2024, 11:48:15 PM UTC",3470648,https://repo1.dso.mil/dsop/hashicorp/terraform/1.7/-/pipelines/3470648,success,hashicorp/terraform/1.7
"July 15, 2024, 12:43:49 AM UTC",3471360,https://repo1.dso.mil/dsop/opensource/traefik/traefik/-/pipelines/3471360,success,opensource/traefik/traefik
"July 15, 2024, 12:47:26 AM UTC",3471401,https://repo1.dso.mil/dsop/opensource/yq/yq/-/pipelines/3471401,success,opensource/yq/yq
"July 15, 2024, 02:32:39 AM UTC",3472527,https://repo1.dso.mil/dsop/opensource/apache/zookeeper/-/pipelines/3472527,success,opensource/apache/zookeeper
"July 15, 2024, 02:14:48 AM UTC",3472364,https://repo1.dso.mil/dsop/opensource/apache/airflow/airflow/-/pipelines/3472364,success,opensource/apache/airflow/airflow
"July 15, 2024, 01:38:36 AM UTC",3471976,https://repo1.dso.mil/dsop/opensource/prometheus/alertmanager/-/pipelines/3471976,success,opensource/prometheus/alertmanager
"July 15, 2024, 12:52:45 AM UTC",3471459,https://repo1.dso.mil/dsop/bitnami/influxdb/-/pipelines/3471459,success,bitnami/influxdb
"June 24, 2024, 12:07:14 AM UTC",3406761,https://repo1.dso.mil/dsop/bitnami/postgres/postgresql11/-/pipelines/3406761,success,bitnami/postgres/postgresql11
"July 15, 2024, 12:38:19 AM UTC",3471285,https://repo1.dso.mil/dsop/bitnami/rabbitmq/rabbitmq/-/pipelines/3471285,success,bitnami/rabbitmq/rabbitmq312
"July 15, 2024, 12:56:40 AM UTC",3471513,https://repo1.dso.mil/dsop/opensource/cassandra/cassandra/-/pipelines/3471513,success,opensource/cassandra/cassandra
"July 15, 2024, 02:32:42 AM UTC",3472530,https://repo1.dso.mil/dsop/opensource/keycloak/keycloak/-/pipelines/3472530,success,opensource/keycloak/keycloak
"July 15, 2024, 12:54:47 AM UTC",3471493,https://repo1.dso.mil/dsop/kong/kong/kong/-/pipelines/3471493,success,kong/kong/kong
"July 14, 2024, 11:48:14 PM UTC",3470647,https://repo1.dso.mil/dsop/elastic/logstash/logstash/-/pipelines/3470647,success,elastic/logstash/logstash
"July 15, 2024, 01:31:06 AM UTC",3471877,https://repo1.dso.mil/dsop/opensource/grafana/loki/-/pipelines/3471877,success,opensource/grafana/loki
"July 14, 2024, 11:19:06 PM UTC",3470411,https://repo1.dso.mil/dsop/microsoft/microsoft/microsoft-sql-server-2019/-/pipelines/3470411,success,microsoft/microsoft/microsoft-sql-server-2019
"July 15, 2024, 02:36:09 AM UTC",3472566,https://repo1.dso.mil/dsop/opensource/apache/nifi/-/pipelines/3472566,success,opensource/apache/nifi
"July 15, 2024, 01:51:25 AM UTC",3472131,https://repo1.dso.mil/dsop/opensource/apache/nifi-registry/-/pipelines/3472131,success,opensource/apache/nifi-registry
"July 15, 2024, 12:57:25 PM UTC",3472893,https://repo1.dso.mil/dsop/opensource/prometheus/node-exporter/-/pipelines/3472893,success,opensource/prometheus/node-exporter
"July 15, 2024, 01:08:55 AM UTC",3471603,https://repo1.dso.mil/dsop/opensource/postgres/postgresql12/-/pipelines/3471603,success,opensource/postgres/postgresql12
"July 15, 2024, 01:08:54 AM UTC",3471602,https://repo1.dso.mil/dsop/opensource/postgres/postgresql-15/postgresql15/-/pipelines/3471602,success,opensource/postgres/postgresql-15/postgresql15
"July 15, 2024, 12:36:24 AM UTC",3471252,https://repo1.dso.mil/dsop/opensource/postgres/postgresql-15/postgresql15-alpine/-/pipelines/3471252,skipped,opensource/postgres/postgresql-15/postgresql15-alpine
"July 15, 2024, 01:38:41 AM UTC",3471981,https://repo1.dso.mil/dsop/opensource/prometheus/prometheus/-/pipelines/3471981,success,opensource/prometheus/prometheus
"July 15, 2024, 12:04:24 AM UTC",3470798,https://repo1.dso.mil/dsop/opensource/redis/redis6/-/pipelines/3470798,success,opensource/redis/redis6
"July 15, 2024, 01:40:22 AM UTC",3471990,https://repo1.dso.mil/dsop/opensource/redis/redis7/-/pipelines/3471990,success,opensource/redis/redis7
"June 21, 2024, 03:28:59 AM UTC",3397575,https://repo1.dso.mil/dsop/opensource/wordpress/wordpress/-/pipelines/3397575,success,opensource/wordpress/wordpress
"July 15, 2024, 01:31:05 AM UTC",3471876,https://repo1.dso.mil/dsop/opensource/grafana/grafana/-/pipelines/3471876,success,opensource/grafana/grafana
"July 15, 2024, 12:54:42 AM UTC",3471488,https://repo1.dso.mil/dsop/elastic/kibana/kibana/-/pipelines/3471488,success,elastic/kibana/kibana
"July 14, 2024, 11:19:04 PM UTC",3470409,https://repo1.dso.mil/dsop/hashicorp/vault/1.14/-/pipelines/3470409,success,hashicorp/vault/1.14
"July 15, 2024, 12:04:25 AM UTC",3470799,https://repo1.dso.mil/dsop/opensource/grafana/promtail/-/pipelines/3470799,success,opensource/grafana/promtail
"July 14, 2024, 11:48:04 PM UTC",3470640,https://repo1.dso.mil/dsop/elastic/beats/metricbeat/-/pipelines/3470640,success,elastic/beats/metricbeat
"July 15, 2024, 12:53:55 PM UTC",3472879,https://repo1.dso.mil/dsop/opensource/gruntwork-io/terragrunt/-/pipelines/3472879,success,opensource/gruntwork-io/terragrunt
"July 14, 2024, 11:48:01 PM UTC",3470635,https://repo1.dso.mil/dsop/elastic/beats/filebeat/-/pipelines/3470635,success,elastic/beats/filebeat
"July 14, 2024, 11:48:02 PM UTC",3470637,https://repo1.dso.mil/dsop/elastic/beats/heartbeat/-/pipelines/3470637,success,elastic/beats/heartbeat
"July 14, 2024, 11:48:06 PM UTC",3470642,https://repo1.dso.mil/dsop/elastic/beats/packetbeat/-/pipelines/3470642,success,elastic/beats/packetbeat
